connection_id,account_id,repo_github_id,login,_raw_data_params,_raw_data_table,_raw_data_id,_raw_data_remark
1,21979,134018330,appleboy,"{""ConnectionId"":1,""Name"":""panjf2000/ants""}",_raw_github_api_accounts,8,
1,964542,134018330,sarathsp06,"{""ConnectionId"":1,""Name"":""panjf2000/ants""}",_raw_github_api_accounts,1,
1,1052632,134018330,runner-mei,"{""ConnectionId"":1,""Name"":""panjf2000/ants""}",_raw_github_api_accounts,13,
1,3794113,134018330,shanhuhai5739,"{""ConnectionId"":1,""Name"":""panjf2000/ants""}",_raw_github_api_accounts,2,
1,3971390,134018330,ppmoon,"{""ConnectionId"":1,""Name"":""panjf2000/ants""}",_raw_github_api_accounts,14,
1,7496278,134018330,panjf2000,"{""ConnectionId"":1,""Name"":""panjf2000/ants""}",_raw_github_api_accounts,5,
1,8518239,134018330,gitter-badger,"{""ConnectionId"":1,""Name"":""panjf2000/ants""}",_raw_github_api_accounts,9,
1,145564,134018330,milichev,"{""ConnectionId"":1,""Name"":""panjf2000/ants""}",_raw_github_api_issues,1,
1,11763614,2,Moonlight-Zhao,,,0,
1,12420699,2,shanghai-Jerry,,,0,
1,14950473,2,zqkgo,,,0,
1,22429695,2,codecov[bot],,,0,
1,24841832,2,rikewang,,,0,
1,31087327,2,chensanle,,,0,
1,32893410,2,zhangyuanxue,,,0,
1,38849208,2,king526,,,0,
